id,fund_code,stock_code,stock_name,weight,report_date,created_at
mm1dgteuszl9zjg60,003053,002027,分众传媒,9.78%,2025-12-31,2026-02-25T01:45:07.302Z
mm1dgteuu36xmci1a,003053,002558,巨人网络,9.65%,2025-12-31,2026-02-25T01:45:07.302Z
mm1dgteuby8iy8uoa,003053,603986,兆易创新,9.38%,2025-12-31,2026-02-25T01:45:07.302Z
mm1dgteuekrf8m6zs,003053,300002,神州泰岳,9.29%,2025-12-31,2026-02-25T01:45:07.302Z
mm1dgteu6rksnag0w,003053,002517,恺英网络,9.12%,2025-12-31,2026-02-25T01:45:07.302Z
mm1dgteufiwbsvpld,003053,603444,吉比特,8.60%,2025-12-31,2026-02-25T01:45:07.302Z
mm1dgteu2vgt3jgj3,003053,002624,完美世界,8.53%,2025-12-31,2026-02-25T01:45:07.302Z
mm1dgteur1pn1qmlw,003053,300251,光线传媒,8.51%,2025-12-31,2026-02-25T01:45:07.302Z
mm1dgteuoz1jmwa8v,003053,601595,上海电影,8.12%,2025-12-31,2026-02-25T01:45:07.302Z
mm1dgteu4etju7ujx,003053,688052,纳芯微,6.94%,2025-12-31,2026-02-25T01:45:07.302Z
mm1dgtex5dtvmsw36,003053,002517,恺英网络,9.84%,2025-09-30,2026-02-25T01:45:07.305Z
mm1dgtexkwuqeinpf,003053,603444,吉比特,9.67%,2025-09-30,2026-02-25T01:45:07.305Z
mm1dgtexn9ppq8zff,003053,688484,南芯科技,8.77%,2025-09-30,2026-02-25T01:45:07.305Z
mm1dgtexf85fx5w1l,003053,300002,神州泰岳,8.72%,2025-09-30,2026-02-25T01:45:07.305Z
mm1dgtexeq4w8od7y,003053,002027,分众传媒,8.10%,2025-09-30,2026-02-25T01:45:07.305Z
mm1dgtexdobn4ex97,003053,688213,思特威,8.07%,2025-09-30,2026-02-25T01:45:07.305Z
mm1dgtex3chmch38v,003053,300251,光线传媒,7.62%,2025-09-30,2026-02-25T01:45:07.305Z
mm1dgtexmnso1hhxe,003053,688052,纳芯微,7.55%,2025-09-30,2026-02-25T01:45:07.305Z
mm1dgtex87zm5yyc4,003053,002624,完美世界,7.55%,2025-09-30,2026-02-25T01:45:07.305Z
mm1dgtex7sqc35r0k,003053,601595,上海电影,6.44%,2025-09-30,2026-02-25T01:45:07.305Z
mm1dgtf042kqguxb8,003053,002475,立讯精密,8.31%,2025-06-30,2026-02-25T01:45:07.308Z
mm1dgtf034lr8tt1a,003053,603444,吉比特,7.90%,2025-06-30,2026-02-25T01:45:07.308Z
mm1dgtf05292ftc99,003053,002027,分众传媒,7.58%,2025-06-30,2026-02-25T01:45:07.308Z
mm1dgtf0vng2xcull,003053,300251,光线传媒,7.14%,2025-06-30,2026-02-25T01:45:07.308Z
mm1dgtf00jhtngspt,003053,601595,上海电影,6.88%,2025-06-30,2026-02-25T01:45:07.308Z
mm1dgtf0maeddxqw5,003053,002292,奥飞娱乐,6.65%,2025-06-30,2026-02-25T01:45:07.308Z
mm1dgtf0nbfigphox,003053,300002,神州泰岳,6.45%,2025-06-30,2026-02-25T01:45:07.308Z
mm1dgtf0e7finau61,003053,002517,恺英网络,6.42%,2025-06-30,2026-02-25T01:45:07.308Z
mm1dgtf0o4n57c3zs,003053,688213,思特威,5.61%,2025-06-30,2026-02-25T01:45:07.308Z
mm1dgtf0mao6jtmih,003053,688484,南芯科技,5.45%,2025-06-30,2026-02-25T01:45:07.308Z
mm1dgtf3tjf5m2pso,003053,300251,光线传媒,8.90%,2025-03-31,2026-02-25T01:45:07.311Z
mm1dgtf3jcn01txyw,003053,688213,思特威,8.67%,2025-03-31,2026-02-25T01:45:07.311Z
mm1dgtf3t7dnqw323,003053,688368,晶丰明源,8.61%,2025-03-31,2026-02-25T01:45:07.311Z
mm1dgtf37jsp6meec,003053,688052,纳芯微,8.58%,2025-03-31,2026-02-25T01:45:07.311Z
mm1dgtf3mlu3of94e,003053,300666,江丰电子,8.23%,2025-03-31,2026-02-25T01:45:07.311Z
mm1dgtf3zptplxc2u,003053,002027,分众传媒,8.22%,2025-03-31,2026-02-25T01:45:07.311Z
mm1dgtf3gpkr6btr4,003053,002517,恺英网络,7.98%,2025-03-31,2026-02-25T01:45:07.311Z
mm1dgtf3tl2di8zya,003053,002558,巨人网络,7.95%,2025-03-31,2026-02-25T01:45:07.311Z
mm1dgtf39xs6ramok,003053,688361,中科飞测,7.53%,2025-03-31,2026-02-25T01:45:07.311Z
mm1dgtf37at0ojhh4,003053,002292,奥飞娱乐,5.07%,2025-03-31,2026-02-25T01:45:07.311Z
mm1dgtxeqp3076u42,003053,002371,北方华创,10.33%,2024-12-31,2026-02-25T01:45:07.970Z
mm1dgtxezonfi1lri,003053,688052,纳芯微,10.23%,2024-12-31,2026-02-25T01:45:07.970Z
mm1dgtxecgdi0s20v,003053,688361,中科飞测,9.90%,2024-12-31,2026-02-25T01:45:07.970Z
mm1dgtxenkbe7kt7s,003053,603160,汇顶科技,9.78%,2024-12-31,2026-02-25T01:45:07.970Z
mm1dgtxehbvtuot91,003053,688012,中微公司,9.46%,2024-12-31,2026-02-25T01:45:07.970Z
mm1dgtxeijgk4b7tl,003053,688368,晶丰明源,9.21%,2024-12-31,2026-02-25T01:45:07.970Z
mm1dgtxeyk24hix3r,003053,301269,华大九天,9.13%,2024-12-31,2026-02-25T01:45:07.970Z
mm1dgtxekje361ej4,003053,300567,精测电子,8.40%,2024-12-31,2026-02-25T01:45:07.970Z
mm1dgtxe46anl50x9,003053,688981,中芯国际,6.07%,2024-12-31,2026-02-25T01:45:07.970Z
mm1dgtxeeodhbk72l,003053,603986,兆易创新,5.17%,2024-12-31,2026-02-25T01:45:07.970Z
mm1dgtxh6c6qf0g0t,003053,688052,纳芯微,10.68%,2024-09-30,2026-02-25T01:45:07.973Z
mm1dgtxhxqhcdj2bl,003053,300661,圣邦股份,10.21%,2024-09-30,2026-02-25T01:45:07.973Z
mm1dgtxhahm6a0y44,003053,000526,学大教育,9.36%,2024-09-30,2026-02-25T01:45:07.973Z
mm1dgtxhgqc8f7k5s,003053,603160,汇顶科技,8.75%,2024-09-30,2026-02-25T01:45:07.973Z
mm1dgtxhh4hhl7mh9,003053,688361,中科飞测,8.68%,2024-09-30,2026-02-25T01:45:07.973Z
mm1dgtxh6len1th0g,003053,688234,天岳先进,8.41%,2024-09-30,2026-02-25T01:45:07.973Z
mm1dgtxhcwhbr6xid,003053,002415,海康威视,8.33%,2024-09-30,2026-02-25T01:45:07.973Z
mm1dgtxhgn2bvehxo,003053,300033,同花顺,7.51%,2024-09-30,2026-02-25T01:45:07.973Z
mm1dgtxhd6jwyejgx,003053,002315,焦点科技,5.95%,2024-09-30,2026-02-25T01:45:07.973Z
mm1dgtxhvipgzrjd3,003053,688083,中望软件,4.86%,2024-09-30,2026-02-25T01:45:07.973Z
mm1dgtxlal1b5xa48,003053,002415,海康威视,9.95%,2024-06-30,2026-02-25T01:45:07.977Z
mm1dgtxl0jty4c6fx,003053,002315,焦点科技,8.85%,2024-06-30,2026-02-25T01:45:07.977Z
mm1dgtxlm6z5uqhld,003053,002236,大华股份,8.80%,2024-06-30,2026-02-25T01:45:07.977Z
mm1dgtxlp8tsht7hr,003053,000526,学大教育,7.59%,2024-06-30,2026-02-25T01:45:07.977Z
mm1dgtxl9pg3llzpy,003053,300251,光线传媒,6.58%,2024-06-30,2026-02-25T01:45:07.977Z
mm1dgtxlxthuhwwtu,003053,300661,圣邦股份,6.46%,2024-06-30,2026-02-25T01:45:07.977Z
mm1dgtxle9x2z19ux,003053,300002,神州泰岳,6.19%,2024-06-30,2026-02-25T01:45:07.977Z
mm1dgtxlv0rsoammb,003053,688111,金山办公,5.98%,2024-06-30,2026-02-25T01:45:07.977Z
mm1dgtxl44kjp55lx,003053,601595,上海电影,5.71%,2024-06-30,2026-02-25T01:45:07.977Z
mm1dgtxlugg9c18yh,003053,002292,奥飞娱乐,5.05%,2024-06-30,2026-02-25T01:45:07.977Z
mm1dgtxpjbem5k7ut,003053,002315,焦点科技,10.16%,2024-03-31,2026-02-25T01:45:07.981Z
mm1dgtxpb02xzlonk,003053,688111,金山办公,8.86%,2024-03-31,2026-02-25T01:45:07.981Z
mm1dgtxp8dltv418a,003053,002415,海康威视,8.39%,2024-03-31,2026-02-25T01:45:07.981Z
mm1dgtxprtddgydht,003053,002230,科大讯飞,8.27%,2024-03-31,2026-02-25T01:45:07.981Z
mm1dgtxpjfkpohgwh,003053,002236,大华股份,7.68%,2024-03-31,2026-02-25T01:45:07.981Z
mm1dgtxpj1h7qmlnk,003053,601595,上海电影,7.43%,2024-03-31,2026-02-25T01:45:07.981Z
mm1dgtxpsvz2wrv2g,003053,300251,光线传媒,7.17%,2024-03-31,2026-02-25T01:45:07.981Z
mm1dgtxpv7adv0aem,003053,000526,学大教育,6.43%,2024-03-31,2026-02-25T01:45:07.981Z
mm1dgtxpusteqxom5,003053,300002,神州泰岳,6.13%,2024-03-31,2026-02-25T01:45:07.981Z
mm1dgtxpf8luline5,003053,002292,奥飞娱乐,5.30%,2024-03-31,2026-02-25T01:45:07.981Z
mm1dgufm1wb5lgaph,003053,300002,神州泰岳,9.74%,2023-12-31,2026-02-25T01:45:08.626Z
mm1dgufmb1eixl4zc,003053,300624,万兴科技,8.17%,2023-12-31,2026-02-25T01:45:08.626Z
mm1dgufmlny5fxp06,003053,688111,金山办公,7.95%,2023-12-31,2026-02-25T01:45:08.626Z
mm1dgufmhyd252q5r,003053,002230,科大讯飞,7.25%,2023-12-31,2026-02-25T01:45:08.626Z
mm1dgufmwyhyjurro,003053,002315,焦点科技,6.39%,2023-12-31,2026-02-25T01:45:08.626Z
mm1dgufmcf3o3oi4t,003053,601595,上海电影,5.89%,2023-12-31,2026-02-25T01:45:08.626Z
mm1dgufmdgy2ugghd,003053,300033,同花顺,5.37%,2023-12-31,2026-02-25T01:45:08.626Z
mm1dgufmilce3olnz,003053,301269,华大九天,5.34%,2023-12-31,2026-02-25T01:45:08.626Z
mm1dgufmi1h511zoj,003053,300378,鼎捷数智,5.10%,2023-12-31,2026-02-25T01:45:08.626Z
mm1dgufmu908lhsdw,003053,688369,致远互联,4.91%,2023-12-31,2026-02-25T01:45:08.626Z
mm1dgufqd432v9vew,003053,002415,海康威视,9.48%,2023-09-30,2026-02-25T01:45:08.629Z
mm1dgufqzt9tghhje,003053,300624,万兴科技,6.51%,2023-09-30,2026-02-25T01:45:08.629Z
mm1dgufqq0xzku8y4,003053,002315,焦点科技,5.65%,2023-09-30,2026-02-25T01:45:08.629Z
mm1dgufqdyqti74qo,003053,300002,神州泰岳,5.57%,2023-09-30,2026-02-25T01:45:08.629Z
mm1dgufq6lilry07x,003053,688111,金山办公,5.32%,2023-09-30,2026-02-25T01:45:08.629Z
mm1dgufqomv6c14d5,003053,300378,鼎捷数智,5.26%,2023-09-30,2026-02-25T01:45:08.629Z
mm1dgufqgmok3qxrh,003053,002230,科大讯飞,5.17%,2023-09-30,2026-02-25T01:45:08.629Z
mm1dgufqw9ljl6km6,003053,301269,华大九天,5.16%,2023-09-30,2026-02-25T01:45:08.629Z
mm1dgufq5hpcj3k85,003053,688369,致远互联,5.04%,2023-09-30,2026-02-25T01:45:08.629Z
mm1dgufqfafz4w1ko,003053,300033,同花顺,4.99%,2023-09-30,2026-02-25T01:45:08.629Z
mm1dguftkwoddt6um,003053,002415,海康威视,7.72%,2023-06-30,2026-02-25T01:45:08.633Z
mm1dguft2aonn724m,003053,300378,鼎捷数智,5.85%,2023-06-30,2026-02-25T01:45:08.633Z
mm1dguftt2shdrlnn,003053,002315,焦点科技,5.23%,2023-06-30,2026-02-25T01:45:08.633Z
mm1dguftcv674wz0g,003053,300002,神州泰岳,5.22%,2023-06-30,2026-02-25T01:45:08.633Z
mm1dguft57qqytoob,003053,300033,同花顺,5.22%,2023-06-30,2026-02-25T01:45:08.633Z
mm1dguftzsqn36wsk,003053,688111,金山办公,5.09%,2023-06-30,2026-02-25T01:45:08.633Z
mm1dgufti5eaykg5q,003053,300624,万兴科技,5.09%,2023-06-30,2026-02-25T01:45:08.633Z
mm1dguftkelx6nyq6,003053,301269,华大九天,5.02%,2023-06-30,2026-02-25T01:45:08.633Z
mm1dguftrxg39ad1z,003053,002230,科大讯飞,5.00%,2023-06-30,2026-02-25T01:45:08.633Z
mm1dguftdmnpupta6,003053,688369,致远互联,4.94%,2023-06-30,2026-02-25T01:45:08.633Z
mm1dgufx9kmpqexa1,003053,002415,海康威视,8.37%,2023-03-31,2026-02-25T01:45:08.637Z
mm1dgufxg0pdup4z5,003053,688111,金山办公,6.34%,2023-03-31,2026-02-25T01:45:08.637Z
mm1dgufxcb0g1grek,003053,300002,神州泰岳,5.75%,2023-03-31,2026-02-25T01:45:08.637Z
mm1dgufx7mbr04gup,003053,603444,吉比特,5.14%,2023-03-31,2026-02-25T01:45:08.637Z
mm1dgufxozc2qvrwe,003053,300624,万兴科技,5.09%,2023-03-31,2026-02-25T01:45:08.637Z
mm1dgufx2j8goee0o,003053,002236,大华股份,5.04%,2023-03-31,2026-02-25T01:45:08.637Z
mm1dgufxitrqy2x6f,003053,002230,科大讯飞,5.01%,2023-03-31,2026-02-25T01:45:08.637Z
mm1dgufxcc72uf9u5,003053,603039,泛微网络,4.71%,2023-03-31,2026-02-25T01:45:08.637Z
mm1dgufx1afr1tgt6,003053,300459,汤姆猫,4.49%,2023-03-31,2026-02-25T01:45:08.637Z
mm1dgufxibhodall8,003053,300170,汉得信息,4.15%,2023-03-31,2026-02-25T01:45:08.637Z
mm1dj2vkosk06sprf,017147,688041,海光信息,10.07%,2025-12-31,2026-02-25T01:46:52.880Z
mm1dj2vk3zk630kbl,017147,300750,宁德时代,9.24%,2025-12-31,2026-02-25T01:46:52.880Z
mm1dj2vke82yhcyqa,017147,603019,中科曙光,8.71%,2025-12-31,2026-02-25T01:46:52.880Z
mm1dj2vkqeg6ng2q2,017147,603259,药明康德,4.61%,2025-12-31,2026-02-25T01:46:52.880Z
mm1dj2vk2ovr6c48b,017147,002812,恩捷股份,4.35%,2025-12-31,2026-02-25T01:46:52.880Z
mm1dj2vkybk8btjqq,017147,02097,蜜雪集团,4.31%,2025-12-31,2026-02-25T01:46:52.880Z
mm1dj2vkwtr77szi5,017147,09868,小鹏汽车-W,4.24%,2025-12-31,2026-02-25T01:46:52.880Z
mm1dj2vkq8x1qsykz,017147,00700,腾讯控股,4.19%,2025-12-31,2026-02-25T01:46:52.880Z
mm1dj2vki8cokmugt,017147,09633,农夫山泉,3.98%,2025-12-31,2026-02-25T01:46:52.880Z
mm1dj2vkdoqobnznz,017147,002311,海大集团,3.92%,2025-12-31,2026-02-25T01:46:52.880Z
mm1dj2vp3rsiopznn,017147,603019,中科曙光,9.55%,2025-09-30,2026-02-25T01:46:52.885Z
mm1dj2vpppb6igzhv,017147,300750,宁德时代,9.48%,2025-09-30,2026-02-25T01:46:52.885Z
mm1dj2vpasa3xpu6s,017147,688041,海光信息,9.26%,2025-09-30,2026-02-25T01:46:52.885Z
mm1dj2vpyu63nz1tk,017147,603259,药明康德,8.98%,2025-09-30,2026-02-25T01:46:52.885Z
mm1dj2vph8qu41sgi,017147,09988,阿里巴巴-W,6.64%,2025-09-30,2026-02-25T01:46:52.885Z
mm1dj2vp5wrxjua6f,017147,09660,地平线机器人-W,5.38%,2025-09-30,2026-02-25T01:46:52.885Z
mm1dj2vpistd350b2,017147,09633,农夫山泉,4.55%,2025-09-30,2026-02-25T01:46:52.885Z
mm1dj2vp0u4ysbbr9,017147,002311,海大集团,4.52%,2025-09-30,2026-02-25T01:46:52.885Z
mm1dj2vpsugbeakro,017147,09868,小鹏汽车-W,3.96%,2025-09-30,2026-02-25T01:46:52.885Z
mm1dj2vpjsal8fbh9,017147,01801,信达生物,3.32%,2025-09-30,2026-02-25T01:46:52.885Z
mm1dj2vt1mx1zajk9,017147,603259,药明康德,10.18%,2025-06-30,2026-02-25T01:46:52.889Z
mm1dj2vtu5em15spy,017147,300750,宁德时代,10.01%,2025-06-30,2026-02-25T01:46:52.889Z
mm1dj2vt2gx75120u,017147,603019,中科曙光,9.94%,2025-06-30,2026-02-25T01:46:52.889Z
mm1dj2vtlrw0wmqdm,017147,688041,海光信息,9.65%,2025-06-30,2026-02-25T01:46:52.889Z
mm1dj2vtsou2kw6wb,017147,01801,信达生物,7.35%,2025-06-30,2026-02-25T01:46:52.889Z
mm1dj2vt11umladfr,017147,002311,海大集团,6.82%,2025-06-30,2026-02-25T01:46:52.889Z
mm1dj2vt3fvj8k9r8,017147,00700,腾讯控股,6.37%,2025-06-30,2026-02-25T01:46:52.889Z
mm1dj2vtp31eqeifs,017147,06969,思摩尔国际,5.14%,2025-06-30,2026-02-25T01:46:52.889Z
mm1dj2vtiz6rvccss,017147,09868,小鹏汽车-W,3.97%,2025-06-30,2026-02-25T01:46:52.889Z
mm1dj2vtin65luxgo,017147,09633,农夫山泉,3.91%,2025-06-30,2026-02-25T01:46:52.889Z
mm1dj2vxktm4umphg,017147,603019,中科曙光,10.14%,2025-03-31,2026-02-25T01:46:52.893Z
mm1dj2vxkgwvo1omy,017147,300750,宁德时代,9.70%,2025-03-31,2026-02-25T01:46:52.893Z
mm1dj2vxl3tgka2um,017147,688041,海光信息,9.60%,2025-03-31,2026-02-25T01:46:52.893Z
mm1dj2vx9b8ha01ra,017147,00700,腾讯控股,9.18%,2025-03-31,2026-02-25T01:46:52.893Z
mm1dj2vxmuuna0156,017147,603259,药明康德,8.96%,2025-03-31,2026-02-25T01:46:52.893Z
mm1dj2vxwmrpsuk40,017147,01801,信达生物,8.78%,2025-03-31,2026-02-25T01:46:52.893Z
mm1dj2vxsfhjrek3s,017147,06969,思摩尔国际,5.56%,2025-03-31,2026-02-25T01:46:52.893Z
mm1dj2vxm26ftmmip,017147,002311,海大集团,5.12%,2025-03-31,2026-02-25T01:46:52.893Z
mm1dj2vx9bam4jmv6,017147,09868,小鹏汽车-W,4.93%,2025-03-31,2026-02-25T01:46:52.893Z
mm1dj2vxp2ejr5zhy,017147,09633,农夫山泉,3.94%,2025-03-31,2026-02-25T01:46:52.893Z
mm1dj3danw9scqjts,017147,300750,宁德时代,9.70%,2024-12-31,2026-02-25T01:46:53.518Z
mm1dj3da6lsbmd7rg,017147,688041,海光信息,9.36%,2024-12-31,2026-02-25T01:46:53.518Z
mm1dj3dav7ggns181,017147,603019,中科曙光,8.48%,2024-12-31,2026-02-25T01:46:53.518Z
mm1dj3daexvp5kr1c,017147,000034,神州数码,6.82%,2024-12-31,2026-02-25T01:46:53.518Z
mm1dj3dah1n4511b0,017147,00700,腾讯控股,5.94%,2024-12-31,2026-02-25T01:46:53.518Z
mm1dj3daj9dygsexa,017147,603259,药明康德,5.38%,2024-12-31,2026-02-25T01:46:53.518Z
mm1dj3daqqi0rysw7,017147,01801,信达生物,4.91%,2024-12-31,2026-02-25T01:46:53.518Z
mm1dj3daffwrnsmz7,017147,002311,海大集团,4.22%,2024-12-31,2026-02-25T01:46:53.518Z
mm1dj3dabpubpwbeb,017147,600276,恒瑞医药,3.38%,2024-12-31,2026-02-25T01:46:53.518Z
mm1dj3daas9j863wj,017147,002371,北方华创,2.82%,2024-12-31,2026-02-25T01:46:53.518Z
mm1dj3deby0r8df5a,017147,688041,海光信息,10.74%,2024-09-30,2026-02-25T01:46:53.522Z
mm1dj3deq54u0bmot,017147,300750,宁德时代,10.10%,2024-09-30,2026-02-25T01:46:53.522Z
mm1dj3deemxkqibly,017147,00700,腾讯控股,6.79%,2024-09-30,2026-02-25T01:46:53.522Z
mm1dj3deepthlh0kw,017147,603259,药明康德,5.91%,2024-09-30,2026-02-25T01:46:53.522Z
mm1dj3des9jx55h4u,017147,600276,恒瑞医药,5.49%,2024-09-30,2026-02-25T01:46:53.522Z
mm1dj3dezycy9zizj,017147,03690,美团-W,5.47%,2024-09-30,2026-02-25T01:46:53.522Z
mm1dj3deb2jv2ia4k,017147,002311,海大集团,5.39%,2024-09-30,2026-02-25T01:46:53.522Z
mm1dj3denvdh6vyhx,017147,603019,中科曙光,5.14%,2024-09-30,2026-02-25T01:46:53.522Z
mm1dj3deoc4piuc6r,017147,000034,神州数码,4.27%,2024-09-30,2026-02-25T01:46:53.522Z
mm1dj3denhfhbd986,017147,600563,法拉电子,2.93%,2024-09-30,2026-02-25T01:46:53.522Z
mm1dj3dh3bxpqivpt,017147,00700,腾讯控股,9.66%,2024-06-30,2026-02-25T01:46:53.525Z
mm1dj3dh9r275a174,017147,300750,宁德时代,9.58%,2024-06-30,2026-02-25T01:46:53.525Z
mm1dj3dh0qio14urq,017147,688041,海光信息,8.40%,2024-06-30,2026-02-25T01:46:53.525Z
mm1dj3dhpf4n9ekpx,017147,002311,海大集团,6.19%,2024-06-30,2026-02-25T01:46:53.525Z
mm1dj3dhemucd1cu4,017147,603019,中科曙光,5.13%,2024-06-30,2026-02-25T01:46:53.525Z
mm1dj3dhwzpd1nggt,017147,603259,药明康德,5.08%,2024-06-30,2026-02-25T01:46:53.525Z
mm1dj3dhflerm3o1u,017147,600563,法拉电子,3.68%,2024-06-30,2026-02-25T01:46:53.525Z
mm1dj3dhaduufrdt3,017147,600276,恒瑞医药,3.57%,2024-06-30,2026-02-25T01:46:53.525Z
mm1dj3dhfejbu9knc,017147,000034,神州数码,3.41%,2024-06-30,2026-02-25T01:46:53.525Z
mm1dj3dhg2i3hbg4d,017147,002236,大华股份,3.01%,2024-06-30,2026-02-25T01:46:53.525Z
mm1dj3dlaujb4f86k,017147,300750,宁德时代,9.96%,2024-03-31,2026-02-25T01:46:53.529Z
mm1dj3dlhv575hzog,017147,688041,海光信息,7.95%,2024-03-31,2026-02-25T01:46:53.529Z
mm1dj3dld548nn35n,017147,600276,恒瑞医药,5.65%,2024-03-31,2026-02-25T01:46:53.529Z
mm1dj3dl2dw16qeyx,017147,603259,药明康德,5.16%,2024-03-31,2026-02-25T01:46:53.529Z
mm1dj3dlj74qeeyvo,017147,002311,海大集团,5.00%,2024-03-31,2026-02-25T01:46:53.529Z
mm1dj3dlk4ytx99ds,017147,603019,中科曙光,4.57%,2024-03-31,2026-02-25T01:46:53.529Z
mm1dj3dln2evd6qad,017147,002236,大华股份,4.41%,2024-03-31,2026-02-25T01:46:53.529Z
mm1dj3dl1w8sl1ik0,017147,600563,法拉电子,4.12%,2024-03-31,2026-02-25T01:46:53.529Z
mm1dj3dl1uupndopd,017147,000034,神州数码,3.84%,2024-03-31,2026-02-25T01:46:53.529Z
mm1dj3dldaw1a47e2,017147,02015,理想汽车-W,3.28%,2024-03-31,2026-02-25T01:46:53.529Z
mm1dj3vw6aeyuvjbc,017147,603259,药明康德,6.75%,2023-12-31,2026-02-25T01:46:54.188Z
mm1dj3vwm95ouyscd,017147,688041,海光信息,6.06%,2023-12-31,2026-02-25T01:46:54.188Z
mm1dj3vw0tofq45jt,017147,600519,贵州茅台,5.93%,2023-12-31,2026-02-25T01:46:54.188Z
mm1dj3vwdqeqorggw,017147,300750,宁德时代,5.73%,2023-12-31,2026-02-25T01:46:54.188Z
mm1dj3vw44xy0ba05,017147,600845,宝信软件,4.75%,2023-12-31,2026-02-25T01:46:54.188Z
mm1dj3vw1gvz010w3,017147,002415,海康威视,4.25%,2023-12-31,2026-02-25T01:46:54.188Z
mm1dj3vw36r4xujio,017147,002311,海大集团,4.23%,2023-12-31,2026-02-25T01:46:54.188Z
mm1dj3vwfmkkm8031,017147,300188,国投智能,4.00%,2023-12-31,2026-02-25T01:46:54.188Z
mm1dj3vw7pe8qlqdj,017147,688981,中芯国际,3.47%,2023-12-31,2026-02-25T01:46:54.188Z
mm1dj3vwd74x4gr5o,017147,002063,远光软件,3.22%,2023-12-31,2026-02-25T01:46:54.188Z
mm1dj3w0gugz4ai48,017147,603259,药明康德,6.92%,2023-09-30,2026-02-25T01:46:54.192Z
mm1dj3w03bavu3164,017147,300750,宁德时代,6.75%,2023-09-30,2026-02-25T01:46:54.192Z
mm1dj3w0v9ebdh08t,017147,600519,贵州茅台,5.19%,2023-09-30,2026-02-25T01:46:54.192Z
mm1dj3w05dxto9og4,017147,00700,腾讯控股,4.94%,2023-09-30,2026-02-25T01:46:54.192Z
mm1dj3w0kfe1f7rbx,017147,688041,海光信息,3.75%,2023-09-30,2026-02-25T01:46:54.192Z
mm1dj3w05u07p1aq3,017147,002311,海大集团,3.70%,2023-09-30,2026-02-25T01:46:54.192Z
mm1dj3w0amrea6rg1,017147,002415,海康威视,3.63%,2023-09-30,2026-02-25T01:46:54.192Z
mm1dj3w0vutynobec,017147,600845,宝信软件,3.44%,2023-09-30,2026-02-25T01:46:54.192Z
mm1dj3w0h6esbacbw,017147,000032,深桑达A,3.37%,2023-09-30,2026-02-25T01:46:54.192Z
mm1dj3w00x8l3xnt8,017147,603659,璞泰来,3.08%,2023-09-30,2026-02-25T01:46:54.192Z
mm1dj3w4uyhlt089m,017147,300750,宁德时代,6.98%,2023-06-30,2026-02-25T01:46:54.196Z
mm1dj3w4lob4umj7m,017147,00700,腾讯控股,4.94%,2023-06-30,2026-02-25T01:46:54.196Z
mm1dj3w489tf84aee,017147,603259,药明康德,4.60%,2023-06-30,2026-02-25T01:46:54.196Z
mm1dj3w4cvl71ca8f,017147,300059,东方财富,4.43%,2023-06-30,2026-02-25T01:46:54.196Z
mm1dj3w47m43cj2dz,017147,600519,贵州茅台,4.04%,2023-06-30,2026-02-25T01:46:54.196Z
mm1dj3w4qame9tc57,017147,603659,璞泰来,3.69%,2023-06-30,2026-02-25T01:46:54.196Z
mm1dj3w4wy2x7ifix,017147,600845,宝信软件,3.55%,2023-06-30,2026-02-25T01:46:54.196Z
mm1dj3w4d4xcwfu7c,017147,002812,恩捷股份,3.42%,2023-06-30,2026-02-25T01:46:54.196Z
mm1dj3w4v0cmoossi,017147,300188,国投智能,3.37%,2023-06-30,2026-02-25T01:46:54.196Z
mm1dj3w4ffbib7b65,017147,002415,海康威视,3.27%,2023-06-30,2026-02-25T01:46:54.196Z
mm1dj3w8h4hc32wsz,017147,603259,药明康德,5.67%,2023-03-31,2026-02-25T01:46:54.200Z
mm1dj3w8jpi1m7sg0,017147,002415,海康威视,5.60%,2023-03-31,2026-02-25T01:46:54.200Z
mm1dj3w8suhdf99ni,017147,300750,宁德时代,4.56%,2023-03-31,2026-02-25T01:46:54.200Z
mm1dj3w88ztk8k5tr,017147,00700,腾讯控股,4.28%,2023-03-31,2026-02-25T01:46:54.200Z
mm1dj3w8snavj0t1r,017147,002311,海大集团,3.28%,2023-03-31,2026-02-25T01:46:54.200Z
mm1dj3w8skcat08fg,017147,300188,国投智能,3.24%,2023-03-31,2026-02-25T01:46:54.200Z
mm1dj3w8ecajcx7jl,017147,300059,东方财富,3.18%,2023-03-31,2026-02-25T01:46:54.200Z
mm1dj3w81dyhr7ezc,017147,002268,电科网安,3.13%,2023-03-31,2026-02-25T01:46:54.200Z
mm1dj3w89npghgpc8,017147,300413,芒果超媒,3.00%,2023-03-31,2026-02-25T01:46:54.200Z
mm1dj3w8uuaovbdtn,017147,002812,恩捷股份,2.95%,2023-03-31,2026-02-25T01:46:54.200Z
mm27ghncmbxun5d6u,008919,688498,源杰科技,9.29%,2025-12-31,2026-02-25T15:44:40.536Z
mm27ghnc762f0idv8,008919,300308,中际旭创,8.30%,2025-12-31,2026-02-25T15:44:40.536Z
mm27ghncskifhhfuu,008919,300394,天孚通信,7.93%,2025-12-31,2026-02-25T15:44:40.536Z
mm27ghnco6suqq1zi,008919,600183,生益科技,7.44%,2025-12-31,2026-02-25T15:44:40.536Z
mm27ghncxy40pnpi2,008919,001309,德明利,5.29%,2025-12-31,2026-02-25T15:44:40.536Z
mm27ghncrc88lkzuo,008919,688361,中科飞测,5.02%,2025-12-31,2026-02-25T15:44:40.536Z
mm27ghnc6nleueorm,008919,688313,仕佳光子,4.59%,2025-12-31,2026-02-25T15:44:40.536Z
mm27ghnc4meolqr39,008919,002463,沪电股份,4.27%,2025-12-31,2026-02-25T15:44:40.536Z
mm27ghnc2hjd3qad3,008919,301308,江波龙,4.26%,2025-12-31,2026-02-25T15:44:40.536Z
mm27ghnc3rsz56kl2,008919,300223,北京君正,4.23%,2025-12-31,2026-02-25T15:44:40.536Z
mm27ghnhxzzw5amn5,008919,688498,源杰科技,10.07%,2025-09-30,2026-02-25T15:44:40.541Z
mm27ghnhmay1s3l1q,008919,300394,天孚通信,9.25%,2025-09-30,2026-02-25T15:44:40.541Z
mm27ghnh5l5evtvmk,008919,600183,生益科技,8.19%,2025-09-30,2026-02-25T15:44:40.541Z
mm27ghnhub6wpnlqw,008919,688205,德科立,7.06%,2025-09-30,2026-02-25T15:44:40.541Z
mm27ghnhfwzlgdgy0,008919,300308,中际旭创,6.57%,2025-09-30,2026-02-25T15:44:40.541Z
mm27ghnh15czsm4k8,008919,603712,七一二,6.17%,2025-09-30,2026-02-25T15:44:40.541Z
mm27ghnh5k1dvj0hb,008919,600893,航发动力,5.30%,2025-09-30,2026-02-25T15:44:40.541Z
mm27ghnh71lfb6d8m,008919,688388,嘉元科技,5.12%,2025-09-30,2026-02-25T15:44:40.541Z
mm27ghnhhq9t2c4oj,008919,300548,长芯博创,4.94%,2025-09-30,2026-02-25T15:44:40.541Z
mm27ghnhore9ry8v7,008919,002463,沪电股份,4.73%,2025-09-30,2026-02-25T15:44:40.541Z
mm27ghniv2srsmvvs,008919,300308,中际旭创,7.85%,2025-06-30,2026-02-25T15:44:40.542Z
mm27ghnilynjpjphb,008919,300394,天孚通信,7.23%,2025-06-30,2026-02-25T15:44:40.542Z
mm27ghniky0bx7evr,008919,688498,源杰科技,6.33%,2025-06-30,2026-02-25T15:44:40.542Z
mm27ghniy1xbkdxol,008919,603712,七一二,5.72%,2025-06-30,2026-02-25T15:44:40.542Z
mm27ghni4eq3wox37,008919,600391,航发科技,5.20%,2025-06-30,2026-02-25T15:44:40.542Z
mm27ghnictqfo7n2d,008919,000880,潍柴重机,4.73%,2025-06-30,2026-02-25T15:44:40.542Z
mm27ghni89xy7l8b9,008919,002389,航天彩虹,4.26%,2025-06-30,2026-02-25T15:44:40.542Z
mm27ghnipaehbpaoc,008919,600760,中航沈飞,4.21%,2025-06-30,2026-02-25T15:44:40.542Z
mm27ghnivzorqkuom,008919,688256,寒武纪,4.16%,2025-06-30,2026-02-25T15:44:40.542Z
mm27ghnipymk5gnmn,008919,300870,欧陆通,4.05%,2025-06-30,2026-02-25T15:44:40.542Z
mm27ghnk6ov0kcf74,008919,600589,大位科技,6.29%,2025-03-31,2026-02-25T15:44:40.544Z
mm27ghnksawr8r76s,008919,601801,皖新传媒,5.02%,2025-03-31,2026-02-25T15:44:40.544Z
mm27ghnkwxqpn55qx,008919,300738,奥飞数据,4.78%,2025-03-31,2026-02-25T15:44:40.544Z
mm27ghnkr11spn4ap,008919,603799,华友钴业,4.58%,2025-03-31,2026-02-25T15:44:40.544Z
mm27ghnkw6eq1h17k,008919,301392,汇成真空,4.27%,2025-03-31,2026-02-25T15:44:40.544Z
mm27ghnk65t4u4iq4,008919,600764,中国海防,4.15%,2025-03-31,2026-02-25T15:44:40.544Z
mm27ghnklcekguxkk,008919,600435,北方导航,4.10%,2025-03-31,2026-02-25T15:44:40.544Z
mm27ghnkn79qk386w,008919,603712,七一二,4.00%,2025-03-31,2026-02-25T15:44:40.544Z
mm27ghnktwb6gd9f3,008919,002245,蔚蓝锂芯,3.98%,2025-03-31,2026-02-25T15:44:40.544Z
mm27ghnkknalo6n7a,008919,002149,西部材料,3.94%,2025-03-31,2026-02-25T15:44:40.544Z
mm27gi5yjsm70d0h2,008919,300168,万达信息,6.16%,2024-12-31,2026-02-25T15:44:41.206Z
mm27gi5yub5oc0eaq,008919,688076,诺泰生物,5.82%,2024-12-31,2026-02-25T15:44:41.206Z
mm27gi5ynopyu4qvg,008919,002851,麦格米特,5.23%,2024-12-31,2026-02-25T15:44:41.206Z
mm27gi5ynsweq18sc,008919,600104,上汽集团,4.58%,2024-12-31,2026-02-25T15:44:41.206Z
mm27gi5y1yki5vx1b,008919,688503,聚和材料,4.25%,2024-12-31,2026-02-25T15:44:41.206Z
mm27gi5y0iclyc0r2,008919,688018,乐鑫科技,4.02%,2024-12-31,2026-02-25T15:44:41.206Z
mm27gi5yzazdmfqmh,008919,603236,移远通信,3.99%,2024-12-31,2026-02-25T15:44:41.206Z
mm27gi5yiwym2uoka,008919,600438,通威股份,3.94%,2024-12-31,2026-02-25T15:44:41.206Z
mm27gi5ythduzohd0,008919,301004,嘉益股份,3.82%,2024-12-31,2026-02-25T15:44:41.206Z
mm27gi5yjwbvnez0l,008919,600292,远达环保,3.76%,2024-12-31,2026-02-25T15:44:41.206Z
mm27gi60ufkzjqt4d,008919,002463,沪电股份,6.99%,2024-09-30,2026-02-25T15:44:41.208Z
mm27gi602f0ffvkku,008919,300308,中际旭创,6.78%,2024-09-30,2026-02-25T15:44:41.208Z
mm27gi60uurb8p94b,008919,688041,海光信息,6.47%,2024-09-30,2026-02-25T15:44:41.208Z
mm27gi60re664dd8f,008919,300502,新易盛,6.36%,2024-09-30,2026-02-25T15:44:41.208Z
mm27gi608dvdhb1f8,008919,002371,北方华创,5.24%,2024-09-30,2026-02-25T15:44:41.208Z
mm27gi60l7aotirok,008919,688037,芯源微,4.85%,2024-09-30,2026-02-25T15:44:41.208Z
mm27gi60hb37r6c02,008919,301004,嘉益股份,4.60%,2024-09-30,2026-02-25T15:44:41.208Z
mm27gi60ggj2fq52d,008919,688072,拓荆科技,4.08%,2024-09-30,2026-02-25T15:44:41.208Z
mm27gi603i1rgtmoz,008919,688012,中微公司,3.30%,2024-09-30,2026-02-25T15:44:41.208Z
mm27gi602j28szq8s,008919,600584,长电科技,3.22%,2024-09-30,2026-02-25T15:44:41.208Z
mm27gi61o6i0k8yz6,008919,300308,中际旭创,9.65%,2024-06-30,2026-02-25T15:44:41.209Z
mm27gi61zyrvv2uoj,008919,002463,沪电股份,7.37%,2024-06-30,2026-02-25T15:44:41.209Z
mm27gi61jepfw5dfe,008919,300502,新易盛,6.88%,2024-06-30,2026-02-25T15:44:41.209Z
mm27gi61hl16xggns,008919,300750,宁德时代,6.39%,2024-06-30,2026-02-25T15:44:41.209Z
mm27gi611hff8xlqj,008919,300394,天孚通信,6.08%,2024-06-30,2026-02-25T15:44:41.209Z
mm27gi61tbqgkbnft,008919,688256,寒武纪,5.53%,2024-06-30,2026-02-25T15:44:41.209Z
mm27gi61pl4xxu93r,008919,601138,工业富联,5.51%,2024-06-30,2026-02-25T15:44:41.209Z
mm27gi61p7rjo8uhl,008919,600584,长电科技,4.48%,2024-06-30,2026-02-25T15:44:41.209Z
mm27gi61kcltse4iw,008919,605589,圣泉集团,4.24%,2024-06-30,2026-02-25T15:44:41.209Z
mm27gi61zo56n5x60,008919,002837,英维克,4.07%,2024-06-30,2026-02-25T15:44:41.209Z
mm27gi63yxn2ugzim,008919,300308,中际旭创,7.98%,2024-03-31,2026-02-25T15:44:41.211Z
mm27gi63sxpw9m10d,008919,300394,天孚通信,7.69%,2024-03-31,2026-02-25T15:44:41.211Z
mm27gi635ccnktoc6,008919,300750,宁德时代,6.75%,2024-03-31,2026-02-25T15:44:41.211Z
mm27gi63dyci7cf3u,008919,605589,圣泉集团,5.41%,2024-03-31,2026-02-25T15:44:41.211Z
mm27gi63zxb9m85qy,008919,002463,沪电股份,4.95%,2024-03-31,2026-02-25T15:44:41.211Z
mm27gi63x6k07jjxc,008919,688301,奕瑞科技,4.20%,2024-03-31,2026-02-25T15:44:41.211Z
mm27gi63r6hx9jnfa,008919,688279,峰岹科技,4.02%,2024-03-31,2026-02-25T15:44:41.211Z
mm27gi63go2om8zrr,008919,688283,坤恒顺维,3.81%,2024-03-31,2026-02-25T15:44:41.211Z
mm27gi63akg9ij4kc,008919,601865,福莱特,3.76%,2024-03-31,2026-02-25T15:44:41.211Z
mm27gi63x9effruk9,008919,688188,柏楚电子,3.60%,2024-03-31,2026-02-25T15:44:41.211Z
mm27giof9rtp1sdcv,008919,300308,中际旭创,8.14%,2023-12-31,2026-02-25T15:44:41.871Z
mm27giof86xw8mu7v,008919,300394,天孚通信,7.75%,2023-12-31,2026-02-25T15:44:41.871Z
mm27giofabmw2ms8d,008919,605589,圣泉集团,6.71%,2023-12-31,2026-02-25T15:44:41.871Z
mm27giofd777nf3c4,008919,688301,奕瑞科技,5.11%,2023-12-31,2026-02-25T15:44:41.871Z
mm27giofd71l8qroh,008919,300750,宁德时代,5.04%,2023-12-31,2026-02-25T15:44:41.871Z
mm27giof2j8z71wml,008919,688279,峰岹科技,4.16%,2023-12-31,2026-02-25T15:44:41.871Z
mm27giof84ip2qmza,008919,688188,柏楚电子,3.95%,2023-12-31,2026-02-25T15:44:41.871Z
mm27giofd78xz5hzb,008919,688111,金山办公,3.84%,2023-12-31,2026-02-25T15:44:41.871Z
mm27giof76rhid3d3,008919,603197,保隆科技,3.83%,2023-12-31,2026-02-25T15:44:41.871Z
mm27giof9vut72kj1,008919,603296,华勤技术,3.77%,2023-12-31,2026-02-25T15:44:41.871Z
mm27gioh83tjtmj5r,008919,300750,宁德时代,7.35%,2023-09-30,2026-02-25T15:44:41.873Z
mm27giohaxvfdhbrk,008919,300308,中际旭创,7.02%,2023-09-30,2026-02-25T15:44:41.873Z
mm27giohuupkak2hs,008919,300394,天孚通信,6.69%,2023-09-30,2026-02-25T15:44:41.873Z
mm27giohid6rw5r3a,008919,605589,圣泉集团,6.53%,2023-09-30,2026-02-25T15:44:41.873Z
mm27gioh0uif2ot9k,008919,601100,恒立液压,5.77%,2023-09-30,2026-02-25T15:44:41.873Z
mm27giohu5de6mfi1,008919,002594,比亚迪,5.36%,2023-09-30,2026-02-25T15:44:41.873Z
mm27giohgddug530q,008919,300124,汇川技术,4.22%,2023-09-30,2026-02-25T15:44:41.873Z
mm27giohp2g459bn8,008919,688111,金山办公,4.20%,2023-09-30,2026-02-25T15:44:41.873Z
mm27gioh3hmae88t2,008919,002179,中航光电,4.00%,2023-09-30,2026-02-25T15:44:41.873Z
mm27giohmpjs8t6wu,008919,002230,科大讯飞,3.99%,2023-09-30,2026-02-25T15:44:41.873Z
mm27giojc16ndsaxs,008919,002594,比亚迪,6.31%,2023-06-30,2026-02-25T15:44:41.875Z
mm27giojao6s4maoa,008919,300750,宁德时代,6.30%,2023-06-30,2026-02-25T15:44:41.875Z
mm27giojuiw1fn30b,008919,600845,宝信软件,5.86%,2023-06-30,2026-02-25T15:44:41.875Z
mm27gioj8d6w6xnvq,008919,300308,中际旭创,4.35%,2023-06-30,2026-02-25T15:44:41.875Z
mm27gioj2x69q8hs0,008919,002230,科大讯飞,3.85%,2023-06-30,2026-02-25T15:44:41.875Z
mm27giojxyht4nhzd,008919,002517,恺英网络,3.67%,2023-06-30,2026-02-25T15:44:41.875Z
mm27giojbho70lvq4,008919,000938,紫光股份,3.61%,2023-06-30,2026-02-25T15:44:41.875Z
mm27giojyy80ncwfw,008919,688111,金山办公,3.55%,2023-06-30,2026-02-25T15:44:41.875Z
mm27gioj7vvhv0e1g,008919,002555,三七互娱,3.36%,2023-06-30,2026-02-25T15:44:41.875Z
mm27giojgh82vhyj2,008919,600761,安徽合力,3.31%,2023-06-30,2026-02-25T15:44:41.875Z
mm27giokswmx88kc4,008919,300750,宁德时代,7.31%,2023-03-31,2026-02-25T15:44:41.876Z
mm27giok6rz0q8bh7,008919,600845,宝信软件,4.97%,2023-03-31,2026-02-25T15:44:41.876Z
mm27giokkv18399os,008919,002230,科大讯飞,4.84%,2023-03-31,2026-02-25T15:44:41.876Z
mm27giokxl583ltmd,008919,002410,广联达,4.50%,2023-03-31,2026-02-25T15:44:41.876Z
mm27giokuttvlgr5u,008919,688122,西部超导,4.41%,2023-03-31,2026-02-25T15:44:41.876Z
mm27giokjuccx4tkh,008919,300124,汇川技术,4.31%,2023-03-31,2026-02-25T15:44:41.876Z
mm27giokn8k10ah1s,008919,688111,金山办公,4.01%,2023-03-31,2026-02-25T15:44:41.876Z
mm27gioky0wfn4wwa,008919,300760,迈瑞医疗,3.60%,2023-03-31,2026-02-25T15:44:41.876Z
mm27giokk6pvfpxam,008919,600761,安徽合力,3.56%,2023-03-31,2026-02-25T15:44:41.876Z
mm27giokr1eoemlzz,008919,600584,长电科技,3.48%,2023-03-31,2026-02-25T15:44:41.876Z
mm27k9u2e6ucuqmpi,013840,688037,芯源微,9.90%,2025-12-31,2026-02-25T15:47:37.034Z
mm27k9u2ie8u49kuz,013840,300567,精测电子,9.63%,2025-12-31,2026-02-25T15:47:37.034Z
mm27k9u24n6xy2afy,013840,688361,中科飞测,9.52%,2025-12-31,2026-02-25T15:47:37.034Z
mm27k9u2bc58dyi0c,013840,688012,中微公司,9.46%,2025-12-31,2026-02-25T15:47:37.034Z
mm27k9u2uqcxqascz,013840,002371,北方华创,9.30%,2025-12-31,2026-02-25T15:47:37.034Z
mm27k9u2s4cq1ofwv,013840,688072,拓荆科技,8.89%,2025-12-31,2026-02-25T15:47:37.034Z
mm27k9u20gpb1ebaa,013840,688120,华海清科,8.75%,2025-12-31,2026-02-25T15:47:37.034Z
mm27k9u20pcqt8e47,013840,688409,富创精密,6.95%,2025-12-31,2026-02-25T15:47:37.034Z
mm27k9u2xvygn02bh,013840,00981,中芯国际,5.96%,2025-12-31,2026-02-25T15:47:37.034Z
mm27k9u2p3p60nxco,013840,01347,华虹半导体,3.58%,2025-12-31,2026-02-25T15:47:37.034Z
mm27k9u62w18qkmx4,013840,688072,拓荆科技,9.69%,2025-09-30,2026-02-25T15:47:37.038Z
mm27k9u6k7sc25dbj,013840,688120,华海清科,9.64%,2025-09-30,2026-02-25T15:47:37.038Z
mm27k9u612ljjjm39,013840,688012,中微公司,9.56%,2025-09-30,2026-02-25T15:47:37.038Z
mm27k9u6euewjlpep,013840,688037,芯源微,9.46%,2025-09-30,2026-02-25T15:47:37.038Z
mm27k9u631yhmikz0,013840,688409,富创精密,9.43%,2025-09-30,2026-02-25T15:47:37.038Z
mm27k9u640q0tk4nu,013840,002371,北方华创,9.01%,2025-09-30,2026-02-25T15:47:37.038Z
mm27k9u6nyve7n2un,013840,300567,精测电子,7.75%,2025-09-30,2026-02-25T15:47:37.038Z
mm27k9u64ccrogg31,013840,688361,中科飞测,7.59%,2025-09-30,2026-02-25T15:47:37.038Z
mm27k9u6ssh6jimk3,013840,00981,中芯国际,5.93%,2025-09-30,2026-02-25T15:47:37.038Z
mm27k9u67n41puabj,013840,688347,华虹公司,3.85%,2025-09-30,2026-02-25T15:47:37.038Z
mm27k9u9k3x19f400,013840,688037,芯源微,9.90%,2025-06-30,2026-02-25T15:47:37.041Z
mm27k9u9yfdioufvh,013840,688120,华海清科,9.59%,2025-06-30,2026-02-25T15:47:37.041Z
mm27k9u9tzs6vx2kt,013840,688409,富创精密,9.31%,2025-06-30,2026-02-25T15:47:37.041Z
mm27k9u9b1pm8e4l5,013840,688072,拓荆科技,9.30%,2025-06-30,2026-02-25T15:47:37.041Z
mm27k9u9dwgwjmk8k,013840,002371,北方华创,9.27%,2025-06-30,2026-02-25T15:47:37.041Z
mm27k9u9bw4gp169o,013840,688012,中微公司,9.26%,2025-06-30,2026-02-25T15:47:37.041Z
mm27k9u963kl6dnbx,013840,688361,中科飞测,9.16%,2025-06-30,2026-02-25T15:47:37.041Z
mm27k9u9fvxy8jl58,013840,300567,精测电子,7.56%,2025-06-30,2026-02-25T15:47:37.041Z
mm27k9u96yfh56jmr,013840,301269,华大九天,6.32%,2025-06-30,2026-02-25T15:47:37.041Z
mm27k9u98eob4hein,013840,00981,中芯国际,3.82%,2025-06-30,2026-02-25T15:47:37.041Z
mm27k9ub4u2626osh,013840,688037,芯源微,9.93%,2025-03-31,2026-02-25T15:47:37.043Z
mm27k9ub7z0srvks5,013840,688072,拓荆科技,9.43%,2025-03-31,2026-02-25T15:47:37.043Z
mm27k9ubdq3ucgnlr,013840,688120,华海清科,9.43%,2025-03-31,2026-02-25T15:47:37.043Z
mm27k9ubp4mspn09p,013840,688409,富创精密,9.25%,2025-03-31,2026-02-25T15:47:37.043Z
mm27k9ubz9jer5fsw,013840,002371,北方华创,9.25%,2025-03-31,2026-02-25T15:47:37.043Z
mm27k9ubzq2n1635l,013840,688012,中微公司,9.24%,2025-03-31,2026-02-25T15:47:37.043Z
mm27k9ub7yb45hxb1,013840,300567,精测电子,8.06%,2025-03-31,2026-02-25T15:47:37.043Z
mm27k9ublmmievhax,013840,688361,中科飞测,7.53%,2025-03-31,2026-02-25T15:47:37.043Z
mm27k9ubenjb9t30f,013840,301269,华大九天,6.29%,2025-03-31,2026-02-25T15:47:37.043Z
mm27k9ubb5hztz92f,013840,00981,中芯国际,3.04%,2025-03-31,2026-02-25T15:47:37.043Z
mm27kabs4fkjw6fgv,013840,002371,北方华创,9.56%,2024-12-31,2026-02-25T15:47:37.672Z
mm27kabsauglrs2jz,013840,688012,中微公司,9.26%,2024-12-31,2026-02-25T15:47:37.672Z
mm27kabsgq4kdh248,013840,688361,中科飞测,9.22%,2024-12-31,2026-02-25T15:47:37.672Z
mm27kabsix92jwydw,013840,688072,拓荆科技,9.01%,2024-12-31,2026-02-25T15:47:37.672Z
mm27kabsfat5gfums,013840,300567,精测电子,8.82%,2024-12-31,2026-02-25T15:47:37.672Z
mm27kabsa8r3xz52g,013840,688037,芯源微,8.25%,2024-12-31,2026-02-25T15:47:37.672Z
mm27kabshu6mdaqac,013840,688120,华海清科,8.16%,2024-12-31,2026-02-25T15:47:37.672Z
mm27kabsg0jwf41fq,013840,688409,富创精密,7.94%,2024-12-31,2026-02-25T15:47:37.672Z
mm27kabswtxg8m92h,013840,301269,华大九天,7.84%,2024-12-31,2026-02-25T15:47:37.672Z
mm27kabsq24lpq40t,013840,600641,万业企业,5.92%,2024-12-31,2026-02-25T15:47:37.672Z
mm27kabu67cze0wby,013840,688037,芯源微,9.65%,2024-09-30,2026-02-25T15:47:37.674Z
mm27kabujmx6jv1j4,013840,688120,华海清科,9.52%,2024-09-30,2026-02-25T15:47:37.674Z
mm27kabug72so0ro6,013840,688072,拓荆科技,9.40%,2024-09-30,2026-02-25T15:47:37.674Z
mm27kabukiquj0avg,013840,688012,中微公司,9.34%,2024-09-30,2026-02-25T15:47:37.674Z
mm27kabuzv8d1y8pc,013840,688361,中科飞测,9.05%,2024-09-30,2026-02-25T15:47:37.674Z
mm27kabu998bxi74m,013840,002371,北方华创,8.74%,2024-09-30,2026-02-25T15:47:37.674Z
mm27kabuqx8a5hivv,013840,600641,万业企业,8.70%,2024-09-30,2026-02-25T15:47:37.674Z
mm27kabupscw9jpb3,013840,688409,富创精密,8.46%,2024-09-30,2026-02-25T15:47:37.674Z
mm27kabuijbu5uufk,013840,300567,精测电子,8.46%,2024-09-30,2026-02-25T15:47:37.674Z
mm27kabuwvqanybiq,013840,301269,华大九天,5.96%,2024-09-30,2026-02-25T15:47:37.674Z
mm27kabvprc738z42,013840,688012,中微公司,9.99%,2024-06-30,2026-02-25T15:47:37.675Z
mm27kabvn6cx01tn8,013840,002371,北方华创,9.94%,2024-06-30,2026-02-25T15:47:37.675Z
mm27kabv0x4fflxav,013840,688120,华海清科,9.73%,2024-06-30,2026-02-25T15:47:37.675Z
mm27kabvj1vje658p,013840,600641,万业企业,9.45%,2024-06-30,2026-02-25T15:47:37.675Z
mm27kabv4kf6sfga0,013840,688072,拓荆科技,9.41%,2024-06-30,2026-02-25T15:47:37.675Z
mm27kabv0onro8hez,013840,688037,芯源微,8.92%,2024-06-30,2026-02-25T15:47:37.675Z
mm27kabv4yt4kr77h,013840,688361,中科飞测,8.87%,2024-06-30,2026-02-25T15:47:37.675Z
mm27kabvflhge8uo9,013840,688409,富创精密,8.05%,2024-06-30,2026-02-25T15:47:37.675Z
mm27kabvg0577p9pt,013840,300567,精测电子,7.60%,2024-06-30,2026-02-25T15:47:37.675Z
mm27kabv6fjyb4eon,013840,301269,华大九天,6.78%,2024-06-30,2026-02-25T15:47:37.675Z
mm27kabwd3shmqvep,013840,002371,北方华创,9.83%,2024-03-31,2026-02-25T15:47:37.676Z
mm27kabw5x0f8i0wc,013840,688012,中微公司,9.76%,2024-03-31,2026-02-25T15:47:37.676Z
mm27kabwumslblqt3,013840,300567,精测电子,9.75%,2024-03-31,2026-02-25T15:47:37.676Z
mm27kabwykg6g9jwx,013840,600641,万业企业,9.34%,2024-03-31,2026-02-25T15:47:37.676Z
mm27kabw93dsmos7u,013840,688037,芯源微,9.25%,2024-03-31,2026-02-25T15:47:37.676Z
mm27kabw1m4zxje4c,013840,688072,拓荆科技,9.03%,2024-03-31,2026-02-25T15:47:37.676Z
mm27kabwm8eo58gtj,013840,688361,中科飞测,9.03%,2024-03-31,2026-02-25T15:47:37.676Z
mm27kabw17gynzrpg,013840,688409,富创精密,8.12%,2024-03-31,2026-02-25T15:47:37.676Z
mm27kabw9edozi0vt,013840,688120,华海清科,7.96%,2024-03-31,2026-02-25T15:47:37.676Z
mm27kabwjqlu9oatb,013840,301269,华大九天,6.38%,2024-03-31,2026-02-25T15:47:37.676Z
mm27kauz5j7r6j8hi,013840,300567,精测电子,9.59%,2023-12-31,2026-02-25T15:47:38.363Z
mm27kauzxmqrmqe6c,013840,600641,万业企业,9.35%,2023-12-31,2026-02-25T15:47:38.363Z
mm27kauzpz1h9ifck,013840,688012,中微公司,9.26%,2023-12-31,2026-02-25T15:47:38.363Z
mm27kauzop4pntqb9,013840,688361,中科飞测,9.08%,2023-12-31,2026-02-25T15:47:38.363Z
mm27kauzggc9x22c2,013840,688072,拓荆科技,9.03%,2023-12-31,2026-02-25T15:47:38.363Z
mm27kauzs8beskog0,013840,301269,华大九天,8.92%,2023-12-31,2026-02-25T15:47:38.363Z
mm27kauzo54l8unjq,013840,002371,北方华创,8.75%,2023-12-31,2026-02-25T15:47:38.363Z
mm27kauzcf1a39n3s,013840,688037,芯源微,8.59%,2023-12-31,2026-02-25T15:47:38.363Z
mm27kauz5j56gkq4p,013840,688120,华海清科,7.59%,2023-12-31,2026-02-25T15:47:38.363Z
mm27kauzbikf0rk2s,013840,688409,富创精密,5.30%,2023-12-31,2026-02-25T15:47:38.363Z
mm27kav1r4uhfdgyl,013840,688361,中科飞测,9.39%,2023-09-30,2026-02-25T15:47:38.365Z
mm27kav1jfj5qwlge,013840,688012,中微公司,9.22%,2023-09-30,2026-02-25T15:47:38.365Z
mm27kav1ydbvzmolj,013840,300567,精测电子,9.11%,2023-09-30,2026-02-25T15:47:38.365Z
mm27kav1nd3imikmy,013840,688072,拓荆科技,9.01%,2023-09-30,2026-02-25T15:47:38.365Z
mm27kav12ml1wor6i,013840,301269,华大九天,8.97%,2023-09-30,2026-02-25T15:47:38.365Z
mm27kav104kk0t6y6,013840,688037,芯源微,8.70%,2023-09-30,2026-02-25T15:47:38.365Z
mm27kav17oslfdarj,013840,688120,华海清科,7.50%,2023-09-30,2026-02-25T15:47:38.365Z
mm27kav1tkjk91x8y,013840,002371,北方华创,7.01%,2023-09-30,2026-02-25T15:47:38.365Z
mm27kav14mr0wb2hd,013840,300604,长川科技,6.65%,2023-09-30,2026-02-25T15:47:38.365Z
mm27kav1haj3h64cj,013840,688409,富创精密,6.53%,2023-09-30,2026-02-25T15:47:38.365Z
mm27kav31s0iu83iq,013840,688072,拓荆科技,8.09%,2023-06-30,2026-02-25T15:47:38.367Z
mm27kav3xcsr5vanc,013840,300567,精测电子,8.04%,2023-06-30,2026-02-25T15:47:38.367Z
mm27kav3ow762972b,013840,688361,中科飞测,8.03%,2023-06-30,2026-02-25T15:47:38.367Z
mm27kav37owr90ebv,013840,688012,中微公司,8.01%,2023-06-30,2026-02-25T15:47:38.367Z
mm27kav3g4rd3s16y,013840,688037,芯源微,7.58%,2023-06-30,2026-02-25T15:47:38.367Z
mm27kav3g88vuq22t,013840,002371,北方华创,7.33%,2023-06-30,2026-02-25T15:47:38.367Z
mm27kav3vj41sw93l,013840,300604,长川科技,7.29%,2023-06-30,2026-02-25T15:47:38.367Z
mm27kav3sxtzjtssa,013840,688120,华海清科,7.19%,2023-06-30,2026-02-25T15:47:38.367Z
mm27kav3iyk3ncn6r,013840,688409,富创精密,5.98%,2023-06-30,2026-02-25T15:47:38.367Z
mm27kav3885ll5hih,013840,600641,万业企业,4.85%,2023-06-30,2026-02-25T15:47:38.367Z
mm27kav5j36xj9cyp,013840,688012,中微公司,8.83%,2023-03-31,2026-02-25T15:47:38.369Z
mm27kav5o3nwpg8fy,013840,688072,拓荆科技,8.32%,2023-03-31,2026-02-25T15:47:38.369Z
mm27kav5a49ty9vy6,013840,002371,北方华创,8.11%,2023-03-31,2026-02-25T15:47:38.369Z
mm27kav5n5gcc8aw2,013840,688037,芯源微,5.52%,2023-03-31,2026-02-25T15:47:38.369Z
mm27kav5q2etrulop,013840,688120,华海清科,5.34%,2023-03-31,2026-02-25T15:47:38.369Z
mm27kav56y73r6zcv,013840,300604,长川科技,5.10%,2023-03-31,2026-02-25T15:47:38.369Z
mm27kav52eils7oml,013840,300567,精测电子,5.10%,2023-03-31,2026-02-25T15:47:38.369Z
mm27kav5m6i455epe,013840,600641,万业企业,4.93%,2023-03-31,2026-02-25T15:47:38.369Z
mm27kav5e0d5tyngn,013840,688409,富创精密,4.69%,2023-03-31,2026-02-25T15:47:38.369Z
mm27kav5kxupt8oju,013840,603690,至纯科技,3.96%,2023-03-31,2026-02-25T15:47:38.369Z
mm3masneaotc5r4f8,610006,603119,浙江荣泰,9.80%,2025-12-31,2026-02-26T15:27:55.274Z
mm3masnexvek6eux7,610006,605196,华通线缆,9.71%,2025-12-31,2026-02-26T15:27:55.274Z
mm3masnesufhlb12q,610006,300308,中际旭创,8.35%,2025-12-31,2026-02-26T15:27:55.274Z
mm3masneymksim9no,610006,300502,新易盛,8.18%,2025-12-31,2026-02-26T15:27:55.274Z
mm3masnegqdmrw81v,610006,300476,胜宏科技,7.25%,2025-12-31,2026-02-26T15:27:55.274Z
mm3masne7sg1a0yku,610006,688205,德科立,6.03%,2025-12-31,2026-02-26T15:27:55.274Z
mm3masnesqesc6i0z,610006,002463,沪电股份,5.74%,2025-12-31,2026-02-26T15:27:55.274Z
mm3masne57o4anqb7,610006,300394,天孚通信,5.66%,2025-12-31,2026-02-26T15:27:55.274Z
mm3masne7w01anghf,610006,300548,长芯博创,5.53%,2025-12-31,2026-02-26T15:27:55.274Z
mm3masne940kjk5h1,610006,688498,源杰科技,5.47%,2025-12-31,2026-02-26T15:27:55.274Z
mm3masnh5ahdwnx51,610006,603119,浙江荣泰,9.77%,2025-09-30,2026-02-26T15:27:55.277Z
mm3masnhd14ns9c15,610006,605196,华通线缆,9.44%,2025-09-30,2026-02-26T15:27:55.277Z
mm3masnhyzw1inzu2,610006,300502,新易盛,7.67%,2025-09-30,2026-02-26T15:27:55.277Z
mm3masnhkjne0caqj,610006,600418,江淮汽车,6.80%,2025-09-30,2026-02-26T15:27:55.277Z
mm3masnhtm5wl3th9,610006,300476,胜宏科技,6.53%,2025-09-30,2026-02-26T15:27:55.277Z
mm3masnh65eyj6z7c,610006,300308,中际旭创,6.52%,2025-09-30,2026-02-26T15:27:55.277Z
mm3masnhj4ky7hsis,610006,603256,宏和科技,6.31%,2025-09-30,2026-02-26T15:27:55.277Z
mm3masnhfzxem4lxz,610006,301217,铜冠铜箔,6.25%,2025-09-30,2026-02-26T15:27:55.277Z
mm3masnho85yxpjt1,610006,300394,天孚通信,5.88%,2025-09-30,2026-02-26T15:27:55.277Z
mm3masnht3ta8f4wt,610006,002851,麦格米特,5.26%,2025-09-30,2026-02-26T15:27:55.277Z
mm3masnjfvfowcbqb,610006,605196,华通线缆,7.42%,2025-06-30,2026-02-26T15:27:55.279Z
mm3masnjdyzq0e851,610006,002851,麦格米特,7.32%,2025-06-30,2026-02-26T15:27:55.279Z
mm3masnjvdevusvbs,610006,688205,德科立,6.97%,2025-06-30,2026-02-26T15:27:55.279Z
mm3masnjq7p2fkk4k,610006,603809,豪能股份,6.52%,2025-06-30,2026-02-26T15:27:55.279Z
mm3masnji5gzkrlsp,610006,603119,浙江荣泰,6.47%,2025-06-30,2026-02-26T15:27:55.279Z
mm3masnj1d306pkus,610006,300476,胜宏科技,5.89%,2025-06-30,2026-02-26T15:27:55.279Z
mm3masnj9c0gpuqz8,610006,688213,思特威,5.08%,2025-06-30,2026-02-26T15:27:55.279Z
mm3masnjue1i3vav5,610006,002837,英维克,4.09%,2025-06-30,2026-02-26T15:27:55.279Z
mm3masnjg0q7lqq3p,610006,601100,恒立液压,3.91%,2025-06-30,2026-02-26T15:27:55.279Z
mm3masnjafyuxw4o7,610006,603009,北特科技,3.89%,2025-06-30,2026-02-26T15:27:55.279Z
mm3masnl1aqhr64yr,610006,002851,麦格米特,9.77%,2025-03-31,2026-02-26T15:27:55.281Z
mm3masnlkpqo8eeww,610006,002837,英维克,7.04%,2025-03-31,2026-02-26T15:27:55.281Z
mm3masnl91ccxmih3,610006,688800,瑞可达,5.71%,2025-03-31,2026-02-26T15:27:55.281Z
mm3masnly1jlu7niv,610006,300476,胜宏科技,5.62%,2025-03-31,2026-02-26T15:27:55.281Z
mm3masnl4up49uud5,610006,301018,申菱环境,5.38%,2025-03-31,2026-02-26T15:27:55.281Z
mm3masnlr5q7dwwsh,610006,601100,恒立液压,4.03%,2025-03-31,2026-02-26T15:27:55.281Z
mm3masnlzjilj2z52,610006,603119,浙江荣泰,3.84%,2025-03-31,2026-02-26T15:27:55.281Z
mm3masnlkxa00pp44,610006,002600,领益智造,3.49%,2025-03-31,2026-02-26T15:27:55.281Z
mm3masnlvhwum5pos,610006,688582,芯动联科,3.15%,2025-03-31,2026-02-26T15:27:55.281Z
mm3masnl6fkqs512i,610006,600418,江淮汽车,3.13%,2025-03-31,2026-02-26T15:27:55.281Z
mm3mat5uas9uas1kn,610006,002851,麦格米特,9.74%,2024-12-31,2026-02-26T15:27:55.938Z
mm3mat5uoq8i1mder,610006,002463,沪电股份,8.79%,2024-12-31,2026-02-26T15:27:55.938Z
mm3mat5urn65i11mg,610006,688183,生益电子,8.29%,2024-12-31,2026-02-26T15:27:55.938Z
mm3mat5u1gmhlk7qs,610006,300476,胜宏科技,8.15%,2024-12-31,2026-02-26T15:27:55.938Z
mm3mat5uj4ytql6wo,610006,002837,英维克,6.56%,2024-12-31,2026-02-26T15:27:55.938Z
mm3mat5udwvi49w2m,610006,002130,沃尔核材,6.35%,2024-12-31,2026-02-26T15:27:55.938Z
mm3mat5urarnz0bvp,610006,300502,新易盛,3.83%,2024-12-31,2026-02-26T15:27:55.938Z
mm3mat5umcn6tidz6,610006,002436,兴森科技,3.55%,2024-12-31,2026-02-26T15:27:55.938Z
mm3mat5uhnq5vw237,610006,600601,方正科技,3.42%,2024-12-31,2026-02-26T15:27:55.938Z
mm3mat5u2eo19v430,610006,300394,天孚通信,3.14%,2024-12-31,2026-02-26T15:27:55.938Z
mm3mat5wp5uw3bjie,610006,688183,生益电子,9.82%,2024-09-30,2026-02-26T15:27:55.940Z
mm3mat5wi6874p134,610006,300308,中际旭创,9.78%,2024-09-30,2026-02-26T15:27:55.940Z
mm3mat5wdd3diheg1,610006,300394,天孚通信,9.42%,2024-09-30,2026-02-26T15:27:55.940Z
mm3mat5w94vvgquw1,610006,002463,沪电股份,9.15%,2024-09-30,2026-02-26T15:27:55.940Z
mm3mat5w0ol7d3c8p,610006,688789,宏华数科,7.41%,2024-09-30,2026-02-26T15:27:55.940Z
mm3mat5wq9q36wil2,610006,300476,胜宏科技,6.95%,2024-09-30,2026-02-26T15:27:55.940Z
mm3mat5wpwfek7boo,610006,300502,新易盛,6.71%,2024-09-30,2026-02-26T15:27:55.940Z
mm3mat5wh3id7dwg4,610006,002130,沃尔核材,4.44%,2024-09-30,2026-02-26T15:27:55.940Z
mm3mat5wa5mtkc4ul,610006,002851,麦格米特,3.12%,2024-09-30,2026-02-26T15:27:55.940Z
mm3mat5wbilj3s2yg,610006,601138,工业富联,2.91%,2024-09-30,2026-02-26T15:27:55.940Z
mm3mat5yh2g0fd3jb,610006,688789,宏华数科,7.09%,2024-06-30,2026-02-26T15:27:55.942Z
mm3mat5yqxgm0a70c,610006,300308,中际旭创,6.99%,2024-06-30,2026-02-26T15:27:55.942Z
mm3mat5yuntg3qwao,610006,002463,沪电股份,5.61%,2024-06-30,2026-02-26T15:27:55.942Z
mm3mat5y12mtcko2j,610006,300476,胜宏科技,5.48%,2024-06-30,2026-02-26T15:27:55.942Z
mm3mat5y6ssv306vx,610006,600160,巨化股份,5.30%,2024-06-30,2026-02-26T15:27:55.942Z
mm3mat5y1u0remhjm,610006,688183,生益电子,4.55%,2024-06-30,2026-02-26T15:27:55.942Z
mm3mat5ykbcgd4aym,610006,300394,天孚通信,4.48%,2024-06-30,2026-02-26T15:27:55.942Z
mm3mat5ylh004cg4v,610006,300679,电连技术,3.47%,2024-06-30,2026-02-26T15:27:55.942Z
mm3mat5yupqa8p95j,610006,601138,工业富联,3.33%,2024-06-30,2026-02-26T15:27:55.942Z
mm3mat5ymdg7blzs5,610006,300502,新易盛,3.13%,2024-06-30,2026-02-26T15:27:55.942Z
mm3mat5zcljy71gn8,610006,601689,拓普集团,9.63%,2024-03-31,2026-02-26T15:27:55.943Z
mm3mat5zqqspucj5l,610006,002050,三花智控,9.19%,2024-03-31,2026-02-26T15:27:55.943Z
mm3mat5zr8g7s5h9y,610006,688017,绿的谐波,7.45%,2024-03-31,2026-02-26T15:27:55.943Z
mm3mat5zo69fupeun,610006,600418,江淮汽车,5.79%,2024-03-31,2026-02-26T15:27:55.943Z
mm3mat5zjrzd3scsh,610006,603773,沃格光电,5.71%,2024-03-31,2026-02-26T15:27:55.943Z
mm3mat5zjxrligw4j,610006,300260,新莱应材,5.50%,2024-03-31,2026-02-26T15:27:55.943Z
mm3mat5zs2q3cz4uz,610006,688041,海光信息,5.07%,2024-03-31,2026-02-26T15:27:55.943Z
mm3mat5zpsg3qh715,610006,688702,盛科通信,4.42%,2024-03-31,2026-02-26T15:27:55.943Z
mm3mat5ztiscmrvnn,610006,603179,新泉股份,4.30%,2024-03-31,2026-02-26T15:27:55.943Z
mm3mat5zwuykofhyi,610006,603728,鸣志电器,3.66%,2024-03-31,2026-02-26T15:27:55.943Z
mm3matnvdmvyew72q,610006,603773,沃格光电,7.33%,2023-12-31,2026-02-26T15:27:56.587Z
mm3matnvpr3rf9801,610006,601689,拓普集团,6.84%,2023-12-31,2026-02-26T15:27:56.587Z
mm3matnvchknnzxal,610006,002050,三花智控,6.53%,2023-12-31,2026-02-26T15:27:56.587Z
mm3matnve2prznsft,610006,603728,鸣志电器,5.76%,2023-12-31,2026-02-26T15:27:56.587Z
mm3matnvbp4l27fo8,610006,300260,新莱应材,5.36%,2023-12-31,2026-02-26T15:27:56.587Z
mm3matnvzaregtj76,610006,688017,绿的谐波,5.22%,2023-12-31,2026-02-26T15:27:56.587Z
mm3matnvu5uapclvu,610006,002475,立讯精密,4.03%,2023-12-31,2026-02-26T15:27:56.587Z
mm3matnvj4jolij9q,610006,600418,江淮汽车,3.25%,2023-12-31,2026-02-26T15:27:56.587Z
mm3matnv4yomvvyka,610006,300951,博硕科技,2.91%,2023-12-31,2026-02-26T15:27:56.587Z
mm3matnv9j41pvo4b,610006,603179,新泉股份,2.77%,2023-12-31,2026-02-26T15:27:56.587Z
mm3matnz4teab7f6o,610006,002049,紫光国微,7.58%,2023-09-30,2026-02-26T15:27:56.591Z
mm3matnzdhfyu2mpd,610006,603773,沃格光电,6.32%,2023-09-30,2026-02-26T15:27:56.591Z
mm3matnz9wgwiat7z,610006,601689,拓普集团,5.90%,2023-09-30,2026-02-26T15:27:56.591Z
mm3matnzzxi2j0m6x,610006,002050,三花智控,5.64%,2023-09-30,2026-02-26T15:27:56.591Z
mm3matnzhm4rhdsb2,610006,603728,鸣志电器,4.64%,2023-09-30,2026-02-26T15:27:56.591Z
mm3matnz9t0jd8o9r,610006,002472,双环传动,4.58%,2023-09-30,2026-02-26T15:27:56.591Z
mm3matnzya09qqei0,610006,300308,中际旭创,3.46%,2023-09-30,2026-02-26T15:27:56.591Z
mm3matnz1whuo3clf,610006,603179,新泉股份,2.94%,2023-09-30,2026-02-26T15:27:56.591Z
mm3matnzy9k8qs4f4,610006,601138,工业富联,2.58%,2023-09-30,2026-02-26T15:27:56.591Z
mm3matnzac7pmayx3,610006,688017,绿的谐波,2.54%,2023-09-30,2026-02-26T15:27:56.591Z
mm3mato2mcsl7w4lv,610006,300274,阳光电源,6.66%,2023-06-30,2026-02-26T15:27:56.594Z
mm3mato2s0oo1bbsu,610006,002049,紫光国微,6.62%,2023-06-30,2026-02-26T15:27:56.594Z
mm3mato2pmsr9nrwh,610006,605117,德业股份,6.51%,2023-06-30,2026-02-26T15:27:56.594Z
mm3mato21b8tjx22v,610006,002459,晶澳科技,5.13%,2023-06-30,2026-02-26T15:27:56.594Z
mm3mato2c1v7s1tl5,610006,300693,盛弘股份,3.68%,2023-06-30,2026-02-26T15:27:56.594Z
mm3mato22fhyk65ab,610006,688517,金冠电气,3.67%,2023-06-30,2026-02-26T15:27:56.594Z
mm3mato2cfhr4w0x7,610006,300491,通合科技,3.60%,2023-06-30,2026-02-26T15:27:56.594Z
mm3mato2uu0b8uasx,610006,301168,通灵股份,3.49%,2023-06-30,2026-02-26T15:27:56.594Z
mm3mato263d9zm1nz,610006,002965,祥鑫科技,3.22%,2023-06-30,2026-02-26T15:27:56.594Z
mm3mato2b09js40hl,610006,300360,炬华科技,3.17%,2023-06-30,2026-02-26T15:27:56.594Z
mm3mato5bvcqbaf68,610006,002049,紫光国微,7.15%,2023-03-31,2026-02-26T15:27:56.597Z
mm3mato5c9rb6wcz1,610006,002459,晶澳科技,6.58%,2023-03-31,2026-02-26T15:27:56.597Z
mm3mato5aihkwks3x,610006,300274,阳光电源,6.28%,2023-03-31,2026-02-26T15:27:56.597Z
mm3mato5dp5yyzwvn,610006,688599,天合光能,5.93%,2023-03-31,2026-02-26T15:27:56.597Z
mm3mato51ampdzgcg,610006,605117,德业股份,5.65%,2023-03-31,2026-02-26T15:27:56.597Z
mm3mato5l6swt5ws9,610006,688390,固德威,3.90%,2023-03-31,2026-02-26T15:27:56.597Z
mm3mato5fujzs7vld,610006,603876,鼎胜新材,3.83%,2023-03-31,2026-02-26T15:27:56.597Z
mm3mato5k7j4c2qzm,610006,002897,意华股份,3.56%,2023-03-31,2026-02-26T15:27:56.597Z
mm3mato5oqjoef193,610006,300438,鹏辉能源,3.39%,2023-03-31,2026-02-26T15:27:56.597Z
mm3mato551vh951sj,610006,603259,药明康德,2.57%,2023-03-31,2026-02-26T15:27:56.597Z
